number,word
1,Abandon
2,Absorb
3,Accomplish
4,Accurate
5,Achievement
6,Adapt
7,Admiration
8,Adventure
9,Affectionate
10,Aggressive
11,Alert
12,Ambitious
13,Ample
14,Analyze
15,Ancient
16,Announce
17,Anxious
18,Apprehensive
19,Artificial
20,Ascend
21,Astonishing
22,Attention
23,Authority
24,Available
25,Aware
26,Awkward
27,Balance
28,Barrier
29,Benevolent
30,Blame
31,Boisterous
32,Brilliant
33,Calculate
34,Camouflage
35,Capable
36,Capture
37,Carefree
38,Cautious
39,Celebrate
40,Challenge
41,Contribution
42,Convenient
43,Cooperate
44,Courage
45,Criticize
46,Crucial
47,Curiosity
48,Cycle
49,Daring
50,Debate
51,Decade
52,Decisive
53,Decline
54,Dedicate
55,Defend
56,Deficient
57,Delicate
58,Delight
59,Demonstrate
60,Dense
61,Characteristic
62,Circumstance
63,Clarity
64,Coherent
65,Collapse
66,Colleague
67,Commence
68,Compassionate
69,Comprehend
70,Concentrate
71,Concept
72,Conclude
73,Confident
74,Conflict
75,Conquer
76,Consequence
77,Considerate
78,Constant
79,Contaminate
80,Contradict
81,Dependable
82,Depict
83,Depressed
84,Desolate
85,Despair
86,Desperate
87,Destination
88,Determined
89,Devastate
90,Diligent
91,Disastrous
92,Disguise
93,Distinctive
94,Distract
95,Diverse
96,Dominant
97,Dramatic
98,Durable
99,Dynamic
100,Eager
101,Efficient
102,Elaborate
103,Elevate
104,Eliminate
105,Eloquent
106,Emphasize
107,Encourage
108,Endanger
109,Endurance
110,Enhance
111,Enthusiastic
112,Environment
113,Envious
114,Essential
115,Establish
116,Estimate
117,Evaluate
118,Evidence
119,Evolution
120,Exaggerate
121,Exceed
122,Exclaim
123,Exclude
124,Exhaust
125,Expand
126,Expectation
127,Expertise
128,Exploit
129,Extravagant
130,Extraordinary
131,Familiar
132,Fascinate
133,Ferocious
134,Flawless
135,Flexible
136,Flourish
137,Focus
138,Formal
139,Fortunate
140,Fragile
141,Frantic
142,Frugal
143,Fundamental
144,Furious
145,Generous
146,Genuine
147,Gesture
148,Glimpse
149,Gracious
150,Gratitude
151,Guarantee
152,Harsh
153,Hazard
154,Hesitate
155,Hilarious
156,Hollow
157,Honest
158,Hostile
159,Humble
160,Hypothesis
161,Identity
162,Ignorance
163,Illusion
164,Immense
165,Immigrant
166,Impatient
167,Implore
168,Important
169,Impressive
170,Improvisation
171,Inability
172,Inaccessible
173,Incident
174,Incline
175,Inclusive
176,Incredible
177,Influence
178,Informative
179,Ingenious
180,Inhabit
181,Initiative
182,Insistent
183,Inspect
184,Inspire
185,Interpret
186,Intricate
187,Investigate
188,Invincible
189,Involve
190,Irritate
191,Isolate
192,Jealous
193,Jubilant
194,Justice
195,Keen
196,Knowledgeable
197,Laboratory
198,Lament
199,Latitude
200,Leisure
201,Lenient
202,Lethargic
203,Liberate
204,Limb
205,Linger
206,Logical
207,Magnify
208,Majestic
209,Manipulate
210,Marvel
211,Massive
212,Mature
213,Meditate
214,Melancholy
215,Menace
216,Meticulous
217,Mimic
218,Mingle
219,Misfortune
220,Modify
221,Momentous
222,Motion
223,Mourn
224,Mysterious
225,Myth
226,Navigate
227,Neglect
228,Nostalgia
229,Notorious
230,Nourish
231,Obedient
232,Obligation
233,Obstacle
234,Obtain
235,Occupy
236,Opponent
237,Optimistic
238,Oppress
239,Origin
240,Outcome
241,Overcome
242,Overwhelming
243,Paralyze
244,Parallel
245,Participate
246,Passionate
247,Patience
248,Peculiar
249,Perception
250,Persistent
251,Persuasive
252,Pessimistic
253,Petrify
254,Placid
255,Plunge
256,Portray
257,Potential
258,Precaution
259,Predict
260,Preference
261,Prejudice
262,Primary
263,Priority
264,Productive
265,Proficient
266,Prohibit
267,Prolong
268,Prosper
269,Punctual
270,Pursue
271,Radiant
272,Reassure
273,Rebellion
274,Recognize
275,Recommend
276,Refine
277,Reflect
278,Refrain
279,Regret
280,Reinforce
281,Reluctant
282,Remarkable
283,Reminisce
284,Repetition
285,Resentment
286,Resilience
287,Resolve
288,Resourceful
289,Respectful
290,Restrict
291,Retrieve
292,Revise
293,Revolution
294,Ridicule
295,Rigorous
296,Satisfactory
297,Scatter
298,Seclude
299,Seize
300,Significant
301,Tolerant
302,Tranquil
303,Transform
304,Tremendous
305,Triumph
306,Turbulent
307,Unanimous
308,Uncertainty
309,Unconventional
310,Unify
311,Unique
312,Unpredictable
313,Unveil
314,Urgent
315,Utensil
316,Vague
317,Valid
318,Valiant
319,Vandalize
320,Vary
321,Accomplish
322,Acknowledge
323,Adapt
324,Advance
325,Advocate
326,Alert
327,Allocate
328,Alternative
329,Ambition
330,Anticipate
331,Apparent
332,Appreciate
333,Arbitrary
334,Argument
335,Aspect
336,Assess
337,Assist
338,Assumption
339,Astonish
340,Attain
341,Cease
342,Challenge
343,Channel
344,Circumstance
345,Cite
346,Clarify
347,Collaborate
348,Commence
349,Commission
350,Commitment
351,Communicate
352,Community
353,Compensate
354,Competence
355,Comply
356,Compose
357,Compound
358,Compromise
359,Conceive
360,Concentrate
361,Considerable
362,Consistent
363,Constitute
364,Constrain
365,Construct
366,Consult
367,Consume
368,Contact
369,Contemporary
370,Context
371,Contract
372,Contradict
373,Contribute
374,Controversy
375,Convene
376,Converse
377,Convert
378,Cooperate
379,Coordinate
380,Correspond
381,definite
382,demonstrate
383,deny
384,depict
385,deplete
386,derive
387,despite
388,detect
389,determine
390,deviate
391,devise
392,dimension
393,diminish
394,discriminate
395,distinct
396,diverse
397,document
398,domestic
399,dominate
400,duration
401,ensure
402,entity
403,environment
404,equivalent
405,estimate
406,ethic
407,evident
408,evolve
409,exceed
410,exclude
411,exhibit
412,expand
413,expert
414,explicit
415,exploit
416,expose
417,external
418,extract
419,facilitate
420,factor
421,guarantee
422,hierarchy
423,hypothesis
424,identify
425,illustrate
426,imply
427,incentive
428,incorporate
429,indicate
430,individual
431,inevitable
432,influence
433,inhibit
434,initial
435,innovate
436,inspect
437,instance
438,instruct
439,integrate
440,integrity
441,isolate
442,justify
443,layer
444,lecture
445,legal
446,levy
447,liberal
448,license
449,likewise
450,logic
451,maintain
452,mechanism
453,medium
454,mental
455,method
456,minimize
457,monitor
458,mutual
459,network
460,neutral
461,Overlap
462,Paradigm
463,Parameter
464,Participate
465,Perceive
466,Period
467,Persist
468,Perspective
469,Phase
470,Phenomenon
471,Philosophy
472,Policy
473,Portion
474,Potential
475,Practitioner
476,Precede
477,Precise
478,Predict
479,Predominant
480,Preliminary
481,Promote
482,Proportion
483,Prospect
484,Protocol
485,Psychology
486,Pursue
487,Qualitative
488,Quote
489,Radical
490,Random
491,Range
492,Ratio
493,Rational
494,React
495,Recover
496,Refine
497,Regime
498,Region
499,Reinforce
500,Release
501,Retain
502,Revenue
503,Reverse
504,Revise
505,Revolution
506,Rigid
507,Role
508,Sequence
509,Shift
510,Significant
511,Similar
512,Simulate
513,Sole
514,Specify
515,Stable
516,Status
517,Strategy
518,Stress
519,Structure
520,Subsequent
521,Terminate
522,Text
523,Theme
524,Theory
525,Thesis
526,Topic
527,Trace
528,Tradition
529,Transfer
530,Transform
531,Transmit
532,Trend
533,Ultimate
534,Undergo
535,Underlying
536,Undertake
537,Uniform
538,Unique
539,Utilize
540,Valid
541,Attribute
542,Authorize
543,Aware
544,Barrier
545,Beneficial
546,Bias
547,Brief
548,Calculate
549,Candidate
550,Capacity
551,Concept
552,Conclude
553,Concurrent
554,Conduct
555,Confer
556,Confident
557,Conflict
558,Conform
559,Consent
560,Consequence
561,Criteria
562,Crucial
563,Currency
564,Cycle
565,Data
566,Debate
567,Decade
568,Decline
569,Dedicate
570,Defend
571,dynamic
572,economy
573,efficient
574,elaborate
575,eliminate
576,emphasize
577,enable
578,encounter
579,enhance
580,enormous
581,feature
582,federal
583,finance
584,fluctuate
585,focus
586,format
587,found
588,framework
589,function
590,generate
591,intelligence
592,intense
593,interact
594,internal
595,interpret
596,interval
597,intervene
598,intrinsic
599,invest
600,involve
601,nonetheless
602,notion
603,objective
604,obtain
605,obvious
606,occur
607,ongoing
608,orient
609,outcome
610,overall
611,Presume
612,Previous
613,Primary
614,Principle
615,Priority
616,Proceed
617,Process
618,Professional
619,Prohibit
620,Project
621,Relevant
622,Reluctance
623,Require
624,Research
625,Reside
626,Resolve
627,Resource
628,Respond
629,Restore
630,Restrict
631,Substitute
632,Sufficient
633,Supplement
634,Sustain
635,Symbol
636,Target
637,Task
638,Technique
639,Technology
640,Temporary
641,inebriated
642,insomnia
643,diarrhea
644,nausea
645,exacerbate
646,aggravate
647,alleviate
648,mitigate
649,exhilarate
650,spectacular
651,feign
652,brawl
653,captivate
654,protest
655,civilisation
656,chiffon
657,sustain
658,undertake
659,hummus
660,ubiquity
661,advocate
662,insignificant
663,inadequate
664,expectation
665,mystery
666,hazard
667,authentic
668,demolish
669,capture
670,abseil
671,blast
672,loudspeaker
673,personnel
674,keen
675,scent
676,allay
677,convince
678,enrich
679,attempt
680,intervene
681,abolish
682,premonition
683,predict
684,optimistic
685,pessimistic
686,downbeat
687,gloomy
688,forecast
689,prognosticate
690,prophesy
691,foresee
692,anticipate
693,auspicious
694,inauspicious
695,autism
696,compassion
697,sympathy
698,empathy
699,pragmatic
700,procrastinate
701,promote
702,demote
703,relegate
704,impede
705,hinder
706,obstruct
707,hamper
708,handicap
709,implore
710,entreat
711,beseech
712,plead
713,guilty
714,guilt-ridden
715,conscience-stricken
716,troubled
717,discern
718,staunch
719,indiscriminate
720,voracious
721,steeped
722,eminent
723,abound
724,replete
725,etiology
726,matron
727,automaton
728,realm
729,paradox
730,compound
731,annals
732,badger
733,tinge
734,drudgery
735,perceive
736,interminable
737,throng
738,laconic
739,impudent
740,scorn
741,sneer
742,snitch
743,snob
744,nonchalant
745,intrepid
746,furtive
747,reticent
748,plethora
749,felon
750,irate
751,hapless
752,fabricate
753,pretext
754,gesticulate
755,adroit
756,avid
757,vigilant
758,rudimentary
759,cajole
760,nuance
761,enhance
762,reprimand
763,loathe
764,caustic
765,lackluster
766,infamous
767,wrest
768,dupe
769,jostle
770,inadvertent
771,incipient
772,tremulous
773,ominous
774,cessation
775,repudiate
776,euphemism
777,bristle
778,incongruous
779,mundane
780,stipulate
781,condolence
782,disdain
783,alacrity
784,intimidate
785,belligerent
786,pugnacious
787,feint
788,brash
789,promulgate
790,belittle
791,scoff
792,laceration
793,tangible
794,sordid
795,castigate
796,solace
797,octogenarian
798,dregs
799,aspirant
800,scurrilous
801,frenzy
802,inane
803,rampant
804,concur
805,ethics
806,flagrant
807,clandestine
808,duress
809,admonish
810,inexorable
811,culprit
812,distraught
813,egregious
814,acrimonious
815,duplicity
816,elicit
817,paucity
818,tolerate
819,pernicious
820,impunity
821,construe
822,feasible
823,sally
824,precocious
825,chagrin
826,deride
827,laudable
828,affluent
829,consternation
830,perfunctory
831,perverse
832,uncanny
833,curry
834,satiety
835,succulent
836,potpourri
837,intrinsic
838,denote
839,sanction
840,insidious
841,allude
842,advent
843,propriety
844,proffer
845,impious
846,shibboleth
847,spate
848,substantiate
849,bogus
850,raucous
851,nutritive
852,callous
853,quandary
854,negligible
855,expedient
856,ennui
857,blasé
858,frenetic
859,comely
860,diversity
861,artifice
862,expurgate
863,qualm
864,artless
865,begrudge
866,manifest
867,gratuity
868,capricious
869,delve
870,replenish
871,requisite
872,stunted
873,roster
874,maim
875,atrophy
876,cynic
877,ameliorate
878,benevolent
879,unctuous
880,iniquity
881,subservient
882,criterion
883,largess
884,mollify
885,repent
886,pariah
887,mercenary
888,aloof
889,guise
890,vestige
891,deluge
892,nullify
893,carnage
894,futility
895,libel
896,technology
897,plaintiff
898,defamatory
899,deprecate
900,canard
901,frail
902,reputed
903,excoriate
904,potent
905,diminutive
906,devout
907,dulcet
908,profuse
909,malevolent
910,impromptu
911,raiment
912,wistful
913,corpulent
914,brigand
915,raconteur
916,rail
917,rift
918,sullen
919,ruminate
920,emissary
921,livid
922,taut
923,yen
924,martinet
925,callow
926,bagatelle
927,penchant
928,appalled
929,termagant
930,decapitate
931,dormant
932,ascertain
933,potentate
934,burgeoned
935,derived
936,disseminate
937,nepotism
938,prerogative
939,internecine
940,dearth
941,sophistry
942,tyro
943,encomium
944,factitious
945,hyperbole
946,obloquy
947,prevarication
948,munificent
949,genocide
950,charisma
951,toxic
952,impregnable
953,neophyte
954,patriarch
955,forebodings
956,extenuating
957,miscreant
958,emanating
959,circuitous
960,protocol
961,macabre
962,knell
963,rapacious
964,ramifications
965,glut
966,insurgent
967,dilatory
968,risible
969,denouement
970,specious
971,enervated
972,dolorous
973,cabal
974,suffrage
975,prescient
976,odious
977,reverie
978,verbatim
979,despot
980,thespian
981,articulate
982,pathological
983,polemic
984,grandeur
985,regimen
986,impasse
987,guile
988,denigrated
989,inflicted
990,mortal
991,altercation
992,elite
993,parochial
994,recession
995,homeric
996,careen
997,beguile
998,oxymoron
999,anachronism
1000,fallacy
1001,penultimate
1002,vulpine
1003,illusion
1004,bibliophile
1005,omniscient
1006,minatory
1007,sinuous
1008,vignette
1009,ecology
1010,pallor
1011,sardonic
1012,paranoid
1013,accolade
1014,magnitude
1015,malaise
1016,indeterminate
1017,onus
1018,askew
1019,waggish
1020,euphoria
1021,regale
1022,guffaw
1023,pantheism
1024,bequest
1025,totalitarian
1026,affidavit
1027,aphorism
1028,empirical
1029,extrovert
1030,crescendo
1031,catharsis
1032,subliminal
1033,quixotic
1034,nemesis
1035,avaricious
1036,tawdry
1037,liaison
1038,camaraderie
1039,limbo
1040,hobnob
1041,iridescent
1042,cornucopia
1043,aficionado
1044,narcissism
1045,biennial
1046,lariat
1047,simian
1048,quail
1049,flippant
1050,circumspect
1051,inscrutable
1052,alchemy
1053,teeming
1054,awry
1055,gossamer
1056,conclave
1057,misanthropy
1058,junket
1059,jejune
1060,obtuse
1061,immaterial
1062,extradition
1063,diurnal
1064,lapidary
1065,eke
1066,shunt
1067,dilettante
1068,licentious
1069,plagiarism
1070,embezzle
1071,repartee
1072,gauche
1073,nabob
1074,ado
1075,jocund
1076,pertinacious
1077,tenuous
1078,micrometer
1079,paradigm
1080,abstract
1081,plenary
1082,badinage
1083,entrepreneur
1084,incarcerate
1085,traverse
1086,subversion
1087,dalliance
1088,assuage
1089,imperialism
1090,roguish
1091,tenet
1092,contiguous
1093,protean
1094,apostate
1095,genealogy
1096,bellicose
1097,virago
1098,rapprochement
1099,anthropomorphism
1100,phoenix
1101,roil
1102,euthanasia
1103,quintessence
1104,behemoth
1105,imperious
1106,demure
1107,amplitude
1108,conundrum
1109,sycophant
1110,palatial
1111,acrid
1112,mercurial
1113,ambivalent
1114,voluptuous
1115,alliteration
1116,iota
1117,censure
1118,simile
1119,antic
1120,resonant
1121,lachrymose
1122,convivial
1123,ephemeral
1124,archetype
1125,intransigent
1126,deign
1127,arcane
1128,edacious
1129,ostracism
1130,purloin
1131,disparage
1132,masticate
1133,fiasco
1134,eschew
1135,quell
1136,voluble
1137,dubious
1138,obsolescence
1139,paroxysm
1140,implacable
1141,jurisdiction
1142,reprehensible
1143,harass
1144,skirmish
1145,arbitrary
1146,monolithic
1147,fray
1148,indigent
1149,effigy
1150,stymie
1151,cognizant
1152,flout
1153,terminate
1154,turbulent
1155,forthwith
1156,oust
1157,revert
1158,surge
1159,emaciated
1160,sanctuary
1161,tranquil
1162,malnutrition
1163,ascend
1164,besiege
1165,afflict
1166,sinister
1167,privation
1168,remote
1169,ubiquitous
1170,harbinger
1171,thwart
1172,excruciating
1173,malignant
1174,reverberating
1175,respite
1176,succumb
1177,fretful
1178,extortion
1179,impresario
1180,asset
1181,adverse
1182,blatant
1183,bigot
1184,virulent
1185,entourage
1186,spew
1187,venom
1188,solicit
1189,loath
1190,astute
1191,scrutinize
1192,ineffectual
1193,amicable
1194,nefarious
1195,malady
1196,vexatious
1197,peruse
1198,inclement
1199,desist
1200,pertinent
1201,recoil
1202,wan
1203,mastiff
1204,obsess
1205,doleful
1206,elusive
1207,histrionics
1208,symptomatic
1209,frustrate
1210,inert
1211,interject
1212,imminent
1213,salient
1214,engrossed
1215,squeamish
1216,inundate
1217,poignant
1218,garbled
1219,fruitless
1220,phlegmatic
1221,sanguine
1222,comprehensive
1223,corroborate
1224,coerce
1225,zealous
1226,meticulous
1227,elapse
1228,lax
1229,domicile
1230,rash
1231,sporadic
1232,obviate
1233,conjecture
1234,quip
1235,lurid
1236,inhibition
1237,diatribe
1238,incoherent
1239,fortuitous
1240,prestigious
1241,ilk
1242,integral
1243,placard
1244,nominal
1245,remuneration
1246,flamboyant
1247,expunge
1248,schism
1249,anathema
1250,timorous
1251,utopia
1252,jaunty
1253,truncated
1254,ostentatious
1255,fractious
1256,incontrovertible
1257,importune
1258,haven
1259,surreptitious
1260,ultimate
1261,subjugate
1262,emit
1263,eventuate
1264,viable
1265,subterranean
1266,jeopardize
1267,premise
1268,permeate
1269,incredulous
1270,surmise
1271,propitious
1272,repress
1273,curtail
1274,inchoate
1275,cryptic
1276,inveigh
1277,aspire
1278,overt
1279,nettle
1280,supine
1281,repulse
1282,mammoth
1283,raze
1284,havoc
1285,scurry
1286,lethal
1287,precipitate
1288,incisive
1289,stentorian
1290,stereotype
1291,valor
1292,singular
1293,sinecure
1294,bias
1295,liquidation
1296,complicity
1297,recant
1298,accomplice
1299,abrogate
1300,culpable
1301,access
1302,alleged
1303,preclude
1304,invalidate
1305,landmark
1306,persevere
1307,declaim
1308,extrinsic
1309,paragon
1310,fetter
1311,asperity
1312,nomadic
1313,controversial
1314,epithet
1315,gregarious
1316,indigenous
1317,cursory
1318,habitat
1319,prolific
1320,interloper
1321,sedentary
1322,bulwark
1323,antithesis
1324,frugal
1325,embellish
1326,altruistic
1327,coterie
1328,cache
1329,virtuosity
1330,cupidity
1331,amorous
1332,temerity
1333,saturate
1334,progeny
1335,consummate
1336,perpetrate
1337,concoct
1338,manifold
1339,fallacious
1340,impeccable
1341,assiduous
1342,resourceful
1343,fraught
1344,component
1345,murky
1346,labyrinth
1347,hoax
1348,exult
1349,evaluate
1350,gullible
1351,attest
1352,enigma
1353,deploy
1354,modify
1355,abortive
1356,spontaneous
1357,accommodate
1358,veneer
1359,innate
1360,urbane
1361,myriad
1362,irrelevant
1363,crave
1364,inherent
1365,deem
1366,romp
1367,buff
1368,tortuous
1369,latent
1370,peregrination
1371,itinerant
1372,barometer
1373,conjugal
1374,profligate
1375,megalomania
1376,legion
1377,strife
1378,amnesty
1379,coup
1380,exonerate
1381,expatriate
1382,mendacious
1383,fiat
1384,pecuniary
1385,parsimonious
1386,sumptuous
1387,dismantle
1388,restrictive
1389,underwrite
1390,blunt
1391,balk
1392,rife
1393,nostalgia
1394,derogatory
1395,reviled
1396,nebulous
1397,indict
1398,redolent
1399,pesky
1400,omnivorous
1401,repose
1402,abstemious
1403,vicissitudes
1404,extant
1405,sultry
1406,edifice
1407,puissant
1408,trenchant
1409,maudlin
1410,unabated
1411,lugubrious
1412,levity
1413,indoctrinate
1414,scion
1415,obsequious
1416,opulence
1417,lush
1418,fulsome
1419,ponder
1420,destitution
1421,decadence
1422,supplication
1423,ascetic
1424,penance
1425,disciple
1426,desultory
1427,metamorphosis
1428,materialism
1429,salvation
1430,nirvana
1431,nurture
1432,plight
1433,juxtapose
1434,cope
1435,covert
1436,incapacitated
1437,incompatibility
1438,connubial
1439,appellation
1440,demur
1441,indifference
1442,escalation
1443,cumulative
1444,potential
1445,palliate
1446,recondite
1447,prelude
1448,delude
1449,acknowledge
1450,chimerical
1451,gamut
1452,heterogeneous
1453,analogous
1454,perspicacious
1455,phenomenon
1456,maladjusted
1457,decade
1458,mortality
1459,neurotic
1460,susceptible
1461,enunciate
1462,pedagogue
1463,irascible
1464,inordinate
1465,perpetuate
1466,introspective
1467,compensatory
1468,mandate
1469,catastrophic
1470,neutralize
1471,bizarre
1472,anthropologist
1473,fetish
1474,inanimate
1475,taboo
1476,artifact
1477,prohibition
1478,imprudent
1479,taint
1480,imperative
1481,contemptuous
1482,universal
1483,absurd
1484,vulnerable
1485,abhor
1486,tradition
1487,entreaty
1488,inviolable
1489,originate
1490,eruption
1491,awesome
1492,debris
1493,puny
1494,obliterate
1495,dispersed
1496,initiate
1497,deplorable
1498,rue
1499,conflagration
1500,hoard
1501,congenial
1502,aegis
1503,sage
1504,longevity
1505,detriment
1506,virile
1507,imbibe
1508,doddering
1509,senile
1510,prevalent
1511,lethargic
1512,remiss
1513,paramount
1514,rebuke
1515,hostile
1516,evince
1517,aversion
1518,superficial
1519,vogue
1520,inevitable
1521,jettison
1522,tussle
1523,lucrative
1524,acute
1525,transient
1526,gist
1527,cogent
1528,terse
1529,array
1530,pinnacle
1531,ardent
1532,obscure
1533,constrict
1534,culminate
1535,bereft
1536,prodigy
1537,exultation
1538,falter
1539,invective
1540,vitriolic
1541,voluminous
1542,besmirch
1543,egotist
1544,retrospect
1545,pungent
1546,humility
1547,adamant
1548,inveterate
1549,bedlam
1550,exploit
1551,cacophony
1552,disgruntled
1553,propinquity
1554,panacea
1555,infallible
1556,eradicate
1557,equanimity
1558,sedate
1559,serenity
1560,compatible
1561,irrational
1562,revere
1563,insatiable
1564,avarice
1565,moribund
1566,nadir
1567,obese
1568,lithe
1569,bliss
1570,adherent
1571,exhort
1572,pathetic
1573,fracas
1574,apathy
1575,adversary
1576,gusto
1577,indolent
1578,banal
1579,garrulous
1580,pique
1581,platitude
1582,atypical
1583,wane
1584,nondescript
1585,idyllic
1586,extinct
1587,encumbrance
1588,galvanize
1589,condescend
1590,gaudy
1591,mortify
1592,candor
1593,malign
1594,jocose
1595,zenith
1596,omnipotent
1597,peremptory
1598,fledgling
1599,wheedle
1600,precedent
1601,jubilant
1602,rustic
1603,charlatan
1604,prudent
1605,heresy
1606,fervid
1607,ostensible
1608,propagate
1609,spurious
1610,innocuous
1611,anomaly
1612,milieu
1613,surfeit
1614,concomitant
1615,strident
1616,deleterious
1617,lassitude
1618,dissent
1619,efficacy
1620,attenuated
1621,ferment
1622,incumbent
1623,arbiter
1624,profound
1625,expedite
1626,prodigious
1627,usurp
1628,celerity
1629,condone
1630,paltry
1631,trivial
1632,venerable
1633,menial
1634,ambiguous
1635,extraneous
1636,archaic
1637,succinct
1638,facetious
1639,emulate
1640,salubrious
1641,rabid
1642,somber
1643,complacent
1644,impetuous
1645,debilitate
1646,discreet
1647,occult
1648,glean
1649,foment
1650,slovenly
1651,quarry
1652,reproach
1653,abjure
1654,evanescent
1655,penitent
1656,propensity
1657,tantamount
1658,wary
1659,connoisseur
1660,deter
1661,vigil
1662,site
1663,interrogate
1664,cumbersome
1665,fluctuate
1666,divulge
1667,commodious
1668,unmitigated
1669,disheveled
1670,antiquated
1671,facade
1672,tenacious
1673,grimace
1674,asinine
1675,pittance
1676,calumny
1677,fastidious
1678,unkempt
1679,noisome
1680,whimsical
1681,parable
1682,countenance
1683,lampoon
1684,sanctimonious
1685,nonentity
1686,effrontery
1687,debacle
1688,flabbergasted
1689,gaunt
1690,vivacious
1691,hirsute
1692,mien
1693,pensive
1694,refute
1695,stupor
1696,whet
1697,cliché
1698,wince
1699,candid
1700,genre
1701,degrade
1702,unsavory
1703,epitome
1704,venial
1705,grotesque
1706,dexterity
1707,repugnant
1708,copious
1709,acme
1710,depict
1711,vehemently
1712,perfidious
1713,naive
1714,ingratiate
1715,covet
1716,ignominious
1717,penury
1718,antipathy
1719,confront
1720,volition
1721,servile
1722,austere
1723,sojourn
1724,halcyon
1725,felicitous
1726,superfluous
1727,tenable
1728,rationalize
1729,motivate
1730,nascent
1731,therapy
1732,erudite
1733,iconoclast
1734,germane
1735,phobia
1736,conducive
1737,vertigo
1738,homogeneous
1739,glib
1740,legerdemain
1741,malleable
1742,stagnant
1743,trend
1744,passé
1745,fatal
1746,facet
1747,stigmatize
1748,foist
1749,audacity
1750,capitulate
1751,retort
1752,tantalize
1753,tacit
1754,docile
1755,chicanery
1756,belated
1757,saga
1758,imperturbable
1759,decrepit
1760,vacillate
1761,machiavellian
1762,opprobrium
1763,pandemonium
1764,unconscionable
1765,demeanor
1766,flay
1767,vindicate
1768,delineation
1769,turpitude
1770,heinous
1771,infraction
1772,vituperation
1773,redress
1774,clique
1775,rhetoric
1776,mentor
1777,extol
1778,cant
1779,facile
1780,magnanimous
1781,umbrage
1782,elucidate
1783,vilify
1784,unwieldy
1785,vapid
1786,proximity
1787,augment
1788,vitiate
1789,contort
1790,fatuous
1791,imperceptible
1792,disparate
1793,repertoire
1794,pall
1795,incandescent
1796,ephemeral
1797,vain
1798,shovel
1799,snuggle
1800,stumble
1801,pickaxes
1802,cottage
1803,promptly
1804,idly
1805,particular
1806,pesky
1807,retrograde
1808,amnesia
1809,gibberish
1810,skeptic
1811,hitch
1812,demonstrative
1813,neutralise
1814,affectionate
1815,gesture
1816,confront
1817,citrine
1818,sucralose
1819,abduct
1820,kidnap
1821,Vengeance
1822,Verify
1823,Versatile
1824,Vivid
1825,Vulnerable
1826,Wander
1827,Weary
1828,Wholesome
1829,Widespread
1830,Witty
1831,Withhold
1832,Wreck
1833,Yearn
1834,Yield
1835,Zealous
1836,Zest
1837,Variable
1838,Version
1839,Visible
1840,Visual
